{
  "trajectory_mean": [
    1.8166371886450883e-05,
    -6.398505130338925e-05,
    9.323605233807791e-05,
    4.127921155945613e-05,
    -3.100738240581138e-05,
    2.009546373251742e-05,
    1.1678569045958534e-05,
    -4.0506686910472637e-05
  ],
  "trajectory_std": [
    0.0028088087034604877,
    0.0025370971085724395,
    0.0020853604073218382,
    0.001682435441322168,
    0.0014517729584687992,
    0.0013502337295972899,
    0.0011492135541665664,
    0.0010104544088850862
  ],
  "center_mean": 0.4908,
  "center_std": 0.4999153528348575,
  "center_min": 0,
  "center_max": 1,
  "center_ones_fraction": 0.4908,
  "livnium_force_scale": 0.0,
  "livnium_force_type": "vector"
}