{
  "real_bits": {
    "mean": 0.4915,
    "std": 0.49992774477918306,
    "ones_fraction": 0.4915,
    "min": 0,
    "max": 1
  },
  "shadow_bits": {
    "mean": 0.4908,
    "std": 0.4999153528348575,
    "ones_fraction": 0.4908,
    "min": 0,
    "max": 1
  },
  "real_pca": {
    "mean": [
      8.058116673925753e-16,
      1.1518008768973686e-16,
      -3.169020601490047e-16,
      -4.430310285297168e-17,
      3.3614222516575863e-16,
      2.8675187224713738e-16,
      2.836703094644122e-16,
      2.3472630089615974e-16
    ],
    "std": [
      0.0032847092757581943,
      0.0026575020152352887,
      0.002126884834874368,
      0.0016522401518054976,
      0.0013490468530306151,
      0.0012768658963567784,
      0.0010690849914954319,
      0.0009178713695418536
    ],
    "mean_norm": 0.00526149448009254
  },
  "shadow_pca": {
    "mean": [
      1.8166371886450883e-05,
      -6.398505130338925e-05,
      9.323605233807791e-05,
      4.127921155945613e-05,
      -3.100738240581138e-05,
      2.009546373251742e-05,
      1.1678569045958534e-05,
      -4.0506686910472637e-05
    ],
    "std": [
      0.0028088087034604877,
      0.0025370971085724395,
      0.0020853604073218382,
      0.001682435441322168,
      0.0014517729584687992,
      0.0013502337295972899,
      0.0011492135541665664,
      0.0010104544088850862
    ],
    "mean_norm": 0.005272186715181757
  },
  "difference": {
    "ones_fraction_diff": 0.0006999999999999784,
    "mean_diff": 0.0006999999999999784,
    "pca_norm_diff": 1.0692235089216837e-05
  }
}