{
  "trajectory_mean": [
    1.734717262408548e-05,
    -6.300737773418214e-05,
    9.334915753439474e-05,
    4.0481072577741235e-05,
    -3.1490632250952674e-05,
    1.9138971904741185e-05,
    1.1800124873261236e-05,
    -4.13496668854186e-05
  ],
  "trajectory_std": [
    0.002808524952718624,
    0.0025357429882420287,
    0.002086397793800654,
    0.0016822386262688057,
    0.0014522858374227971,
    0.0013502397825443796,
    0.0011490360019636126,
    0.0010104341313168983
  ],
  "center_mean": 0.4908,
  "center_std": 0.4999153528348575,
  "center_min": 0,
  "center_max": 1,
  "center_ones_fraction": 0.4908,
  "livnium_force_scale": 0.0,
  "livnium_force_type": "vector"
}