{
  "entailment": {
    "count": 334,
    "signals": {
      "alignment": {
        "mean": 0.498795578085339,
        "std": 0.16559001353520664,
        "min": 0.012569737821106486,
        "max": 0.9203250580113119,
        "median": 0.484083739147735,
        "q25": 0.3932284100232891,
        "q75": 0.5897306538081314
      },
      "divergence": {
        "mean": -0.11879557808533896,
        "std": 0.16559001353520664,
        "min": -0.5403250580113119,
        "max": 0.3674302621788935,
        "median": -0.104083739147735,
        "q25": -0.20973065380813136,
        "q75": -0.013228410023289127
      },
      "convergence": {
        "mean": 0.11879557808533896,
        "std": 0.16559001353520664,
        "min": -0.3674302621788935,
        "max": 0.5403250580113119,
        "median": 0.104083739147735,
        "q25": 0.013228410023289127,
        "q75": 0.20973065380813136
      },
      "resonance": {
        "mean": 0.6185873251472808,
        "std": 0.13691325656375475,
        "min": 0.23201850753944675,
        "max": 1.0,
        "median": 0.6010684214122046,
        "q25": 0.5322981565541254,
        "q75": 0.6878814490450318
      },
      "cold_density": {
        "mean": 0.44739554306455037,
        "std": 0.20653540807146387,
        "min": 0.11600925376972337,
        "max": 1.0374588349060212,
        "median": 0.40279110249782196,
        "q25": 0.2853454192814924,
        "q75": 0.5479189246845133
      },
      "divergence_force": {
        "mean": 0.09000559913923674,
        "std": 0.07436700300842349,
        "min": 0.0,
        "max": 0.45547883707508374,
        "median": 0.0877803755834511,
        "q25": 0.03424709510007471,
        "q75": 0.12295317978479517
      },
      "cold_attraction": {
        "mean": 0.7179977981446732,
        "std": 0.10360305907938556,
        "min": 0.53649440997778,
        "max": 1.0349872938811122,
        "median": 0.696489335364469,
        "q25": 0.6376300421699193,
        "q75": 0.7667675975017931
      },
      "far_attraction": {
        "mean": 0.589692926704704,
        "std": 0.07181578219610762,
        "min": 0.4719384042614445,
        "max": 0.8685225577972707,
        "median": 0.5878927623524608,
        "q25": 0.5316530822660328,
        "q75": 0.6271066081659955
      },
      "cold_force": {
        "mean": 0.7000000000000002,
        "std": 2.220446049250313e-16,
        "min": 0.7,
        "max": 0.7,
        "median": 0.7,
        "q25": 0.7,
        "q75": 0.7
      },
      "far_force": {
        "mean": 0.19999999999999996,
        "std": 5.551115123125783e-17,
        "min": 0.2,
        "max": 0.2,
        "median": 0.2,
        "q25": 0.2,
        "q75": 0.2
      },
      "city_force": {
        "mean": 0.09999999999999998,
        "std": 2.7755575615628914e-17,
        "min": 0.1,
        "max": 0.1,
        "median": 0.1,
        "q25": 0.1,
        "q75": 0.1
      }
    }
  },
  "contradiction": {
    "count": 332,
    "signals": {
      "alignment": {
        "mean": 0.4670501509198264,
        "std": 0.1479667514011761,
        "min": 0.07436552141946018,
        "max": 0.9157342923469027,
        "median": 0.454498624371228,
        "q25": 0.36928715741764123,
        "q75": 0.5571359627977301
      },
      "divergence": {
        "mean": -0.08705015091982642,
        "std": 0.1479667514011761,
        "min": -0.5357342923469027,
        "max": 0.3056344785805398,
        "median": -0.074498624371228,
        "q25": -0.17713596279773014,
        "q75": 0.010712842582358774
      },
      "convergence": {
        "mean": 0.08705015091982642,
        "std": 0.1479667514011761,
        "min": -0.3056344785805398,
        "max": 0.5357342923469027,
        "median": 0.074498624371228,
        "q25": -0.010712842582358774,
        "q75": 0.17713596279773014
      },
      "resonance": {
        "mean": 0.5808128260202178,
        "std": 0.1200995602238353,
        "min": 0.27430004462505814,
        "max": 0.9898911808534988,
        "median": 0.5656257242913122,
        "q25": 0.49696502105595297,
        "q75": 0.6461760024168138
      },
      "cold_density": {
        "mean": 0.39991950513801383,
        "std": 0.1778268276605893,
        "min": 0.13715002231252907,
        "max": 1.0284795302273066,
        "median": 0.3559380480720211,
        "q25": 0.2519777967940989,
        "q75": 0.501157174659503
      },
      "divergence_force": {
        "mean": 0.09852700936514848,
        "std": 0.07421402151036409,
        "min": 0.0,
        "max": 0.42424650133478403,
        "median": 0.08799815114534916,
        "q25": 0.044121057144877865,
        "q75": 0.12843444079680055
      },
      "cold_attraction": {
        "mean": 0.7069581860395181,
        "std": 0.09038359935473153,
        "min": 0.5773023173416684,
        "max": 1.0254501109961234,
        "median": 0.6841567023741542,
        "q25": 0.6352858539688754,
        "q75": 0.7542488320428888
      },
      "far_attraction": {
        "mean": 0.5866181850810575,
        "std": 0.06964857273195625,
        "min": 0.4554481606724803,
        "max": 0.8118770903688423,
        "median": 0.5842032355796198,
        "q25": 0.5314900766747302,
        "q75": 0.6185247437703101
      },
      "cold_force": {
        "mean": 0.19999999999999998,
        "std": 2.7755575615628914e-17,
        "min": 0.2,
        "max": 0.2,
        "median": 0.2,
        "q25": 0.2,
        "q75": 0.2
      },
      "far_force": {
        "mean": 0.7000000000000001,
        "std": 1.1102230246251565e-16,
        "min": 0.7,
        "max": 0.7,
        "median": 0.7,
        "q25": 0.7,
        "q75": 0.7
      },
      "city_force": {
        "mean": 0.09999999999999999,
        "std": 1.3877787807814457e-17,
        "min": 0.1,
        "max": 0.1,
        "median": 0.1,
        "q25": 0.1,
        "q75": 0.1
      }
    }
  },
  "neutral": {
    "count": 332,
    "signals": {
      "alignment": {
        "mean": 0.468295174815324,
        "std": 0.1538626186411667,
        "min": 0.12190705992897055,
        "max": 0.9134588921509262,
        "median": 0.4517977534744652,
        "q25": 0.36648816681530477,
        "q75": 0.556564911967147
      },
      "divergence": {
        "mean": -0.088295174815324,
        "std": 0.1538626186411667,
        "min": -0.5334588921509262,
        "max": 0.25809294007102945,
        "median": -0.07179775347446522,
        "q25": -0.17656491196714694,
        "q75": 0.013511833184695218
      },
      "convergence": {
        "mean": 0.088295174815324,
        "std": 0.1538626186411667,
        "min": -0.25809294007102945,
        "max": 0.5334588921509262,
        "median": 0.07179775347446522,
        "q25": -0.013511833184695218,
        "q75": 0.17656491196714694
      },
      "resonance": {
        "mean": 0.5852831718755822,
        "std": 0.12620520683241887,
        "min": 0.2982097088820401,
        "max": 0.9868026928858434,
        "median": 0.5693456211820378,
        "q25": 0.4982789194361532,
        "q75": 0.6524760823766634
      },
      "cold_density": {
        "mean": 0.4040606299894367,
        "std": 0.18706664239403745,
        "min": 0.14910485444102006,
        "max": 1.026860238593848,
        "median": 0.35656106329222803,
        "q25": 0.25084655917589194,
        "q75": 0.5007176852799047
      },
      "divergence_force": {
        "mean": 0.10098041199033815,
        "std": 0.07431488211977244,
        "min": 0.0,
        "max": 0.3371602369405208,
        "median": 0.08807915463858049,
        "q25": 0.046229135056792686,
        "q75": 0.13474881698646596
      },
      "cold_attraction": {
        "mean": 0.7030924604260351,
        "std": 0.0937112284558706,
        "min": 0.5738589079513639,
        "max": 1.018183604991345,
        "median": 0.6808403739624661,
        "q25": 0.6273775151791012,
        "q75": 0.7532057270357414
      },
      "far_attraction": {
        "mean": 0.5938444855579259,
        "std": 0.07036035287890743,