{
  "trajectory_mean": [
    1.7956875315645387e-05,
    -6.264121705432304e-05,
    9.278630644725191e-05,
    4.1035899975715346e-05,
    -3.102878618310798e-05,
    2.0002672233882803e-05,
    1.167921947663125e-05,
    -4.1051838110452266e-05
  ],
  "trajectory_std": [
    0.002807696087837972,
    0.0025364323037397334,
    0.0020858040174480063,
    0.0016823729352379642,
    0.0014517196452486006,
    0.001350930126042395,
    0.0011491914511897895,
    0.00101023595298543
  ],
  "center_mean": 0.4906,
  "center_std": 0.49991163219113044,
  "center_min": 0,
  "center_max": 1,
  "center_ones_fraction": 0.4906,
  "livnium_force_scale": 0.0,
  "livnium_force_type": "vector"
}