{
  "livnium": [
    {
      "solved": true,
      "valid_coloring": false,
      "coloring": {
        "1": 1,
        "2": 0,
        "3": 1,
        "4": 0,
        "5": 1,
        "6": 0,
        "7": 1,
        "8": 0,
        "9": 1,
        "10": 0,
        "11": 1,
        "12": 0,
        "13": 1,
        "14": 0,
        "15": 1,
        "16": 0,
        "17": 1,
        "18": 0,
        "19": 1,
        "20": 0
      },
      "num_violations": 50,
      "num_colored_vertices": 20,
      "num_vertices": 20,
      "num_edges": 100,
      "num_colors": 2,
      "time": 0.20942306518554688,
      "steps": 2000,
      "basin_stats": {
        "num_basins": 1,
        "num_alive": 1,
        "best_score": -49.76190429509253,
        "avg_score": -49.76190429509253,
        "min_score": -49.76190429509253,
        "winner_id": 0,
        "basin_scores": [
          -49.76190429509253
        ]
      },
      "file": "bipartite_10_10.col"
    },
    {
      "solved": true,
      "valid_coloring": false,
      "coloring": {
        "1": 1,
        "2": 0,
        "3": 1,
        "4": 0,
        "5": 1,
        "6": 0,
        "7": 1,
        "8": 0,
        "9": 1,
        "10": 0,
        "11": 1,
        "12": 0,
        "13": 1,
        "14": 0,
        "15": 1,
        "16": 0,
        "17": 1,
        "18": 0,
        "19": 1,
        "20": 0
      },
      "num_violations": 50,
      "num_colored_vertices": 20,
      "num_vertices": 20,
      "num_edges": 100,
      "num_colors": 2,
      "time": 0.2071990966796875,
      "steps": 2000,
      "basin_stats": {
        "num_basins": 1,
        "num_alive": 1,
        "best_score": -49.68161922520973,
        "avg_score": -49.68161922520973,
        "min_score": -49.68161922520973,
        "winner_id": 0,
        "basin_scores": [
          -49.68161922520973
        ]
      },
      "file": "bipartite_10_10.json"
    },
    {
      "solved": true,
      "valid_coloring": false,
      "coloring": {
        "1": 1,
        "2": 0,
        "3": 0,
        "4": 0,
        "5": 1,
        "6": 0,
        "7": 1,
        "8": 1,
        "9": 1,
        "10": 0,
        "11": 0,
        "12": 1,
        "13": 1,
        "14": 1,
        "15": 0,
        "16": 0,
        "17": 1,
        "18": 1,
        "19": 1,
        "20": 0,
        "21": 1,
        "22": 0,
        "23": 0,
        "24": 0,
        "25": 1,
        "26": 0,
        "27": 1,
        "28": 1,
        "29": 1,
        "30": 0
      },
      "num_violations": 113,
      "num_colored_vertices": 30,
      "num_vertices": 30,
      "num_edges": 225,
      "num_colors": 2,
      "time": 0.43318986892700195,
      "steps": 2000,
      "basin_stats": {
        "num_basins": 1,
        "num_alive": 1,
        "best_score": -112.88708724807688,
        "avg_score": -112.88708724807688,
        "min_score": -112.88708724807688,
        "winner_id": 0,
        "basin_scores": [
          -112.88708724807688
        ]
      },
      "file": "bipartite_15_15.col"
    }
  ],
  "networkx": [
    {
      "solved": true,
      "valid_coloring": true,
      "coloring": {
        "1": 0,
        "2": 0,
        "3": 0,
        "4": 0,
        "5": 0,
        "6": 0,
        "7": 0,
        "8": 0,
        "9": 0,
        "10": 0,
        "11": 1,
        "12": 1,
        "13": 1,
        "14": 1,
        "15": 1,
        "16": 1,
        "17": 1,
        "18": 1,
        "19": 1,
        "20": 1
      },
      "num_violations": 0,
      "num_colored_vertices": 20,
      "num_colors_used": 2,
      "time": 0.00014901161193847656,
      "num_vertices": 20,
      "num_edges": 100,
      "file": "bipartite_10_10.col"
    },
    {
      "solved": true,
      "valid_coloring": true,
      "coloring": {
        "1": 0,
        "2": 0,
        "3": 0,
        "4": 0,
        "5": 0,
        "6": 0,
        "7": 0,
        "8": 0,
        "9": 0,
        "10": 0,
        "11": 1,
        "12": 1,
        "13": 1,
        "14": 1,
        "15": 1,
        "16": 1,
        "17": 1,
        "18": 1,
        "19": 1,
        "20": 1
      },
      "num_violations": 0,
      "num_colored_vertices": 20,
      "num_colors_used": 2,
      "time": 6.890296936035156e-05,
      "num_vertices": 20,
      "num_edges": 100,
      "file": "bipartite_10_10.json"
    },
    {
      "solved": true,
      "valid_coloring": true,
      "coloring": {
        "1": 0,
        "2": 0,
        "3": 0,
        "4": 0,
        "5": 0,
        "6": 0,
        "7": 0,
        "8": 0,
        "9": 0,
        "10": 0,
        "11": 0,
        "12": 0,
        "13": 0,
        "14": 0,
        "15": 0,
        "16": 1,
        "17": 1,
        "18": 1,
        "19": 1,
        "20": 1,
        "21": 1,
        "22": 1,
        "23": 1,
        "24": 1,
        "25": 1,
        "26": 1,
        "27": 1,
        "28": 1,
        "29": 1,
        "30": 1
      },
      "num_violations": 0,
      "num_colored_vertices": 30,
      "num_colors_used": 2,
      "time": 0.00011801719665527344,
      "num_vertices": 30,
      "num_edges": 225,
      "file": "bipartite_15_15.col"
    }
  ],
  "summary": {
    "total_graphs": 3,
    "livnium": {
      "solved": 3,
      "valid_colorings": 0,
      "avg_time": 0.2832706769307454,
      "min_time": 0.2071990966796875,
      "max_time": 0.43318986892700195
    },
    "networkx": {
      "solved": 3,
      "valid_colorings": 3,
      "avg_time": 0.00011197725931803386,
      "min_time": 6.890296936035156e-05,
      "max_time": 0.00014901161193847656
    }
  }
}