{
  "trajectory_mean": [
    1.902999738054464e-05,
    -6.914335897876194e-05,
    9.593864036631796e-05,
    4.0154546685897034e-05,
    -3.2944988371287e-05,
    2.105316621551103e-05,
    1.303742498404101e-05,
    -4.068628503431494e-05
  ],
  "trajectory_std": [
    0.002809547732333923,
    0.0025374977606526425,
    0.002083776100565986,
    0.0016822998447233147,
    0.0014524363375549353,
    0.001349876883945353,
    0.00114868463207745,
    0.0010103447970469675
  ],
  "center_mean": 0.492,
  "center_std": 0.49993599590347565,
  "center_min": 0,
  "center_max": 1,
  "center_ones_fraction": 0.492,
  "livnium_force_scale": 0.01,
  "livnium_force_type": "matrix"
}